Protocollo;Gruppo;DataOraIncidente;Localizzazione1;STRADA1;Localizzazione2;STRADA2;Strada02;Chilometrica;DaSpecificare;NaturaIncidente;particolaritastrade;TipoStrada;FondoStradale;Pavimentazione;Segnaletica;CondizioneAtmosferica;Traffico;Visibilita;Illuminazione;NUM_FERITI;NUM_RISERVATA;NUM_MORTI;NUM_ILLESI;Longitudine;Latitudine;Confermato;Progressivo;TipoVeicolo;StatoVeicolo;TipoPersona;Sesso;Tipolesione;Deceduto;DecedutoDopo;CinturaCascoUtilizzato;Airbag
1712690;8;13/02/2007 13:30;Strada Urbana;VIALE DUILIO CAMBELLOTTI;da specificare;;;;altezza stazione di torre angela;Veicolo in marcia contro ostacolo accidentale;Curva senza visuale libera;Una carreggiata a senso unico di marcia;Asciutto;Con buche;Verticale;Sereno;Normale;Sufficiente;Ore Diurne;0;0;0;2;;;-1;1;Autovettura privata;In marcia / fermata / arresto;Conducente;M;Illeso;0;;Non accertato;Inesistente
1712690;8;13/02/2007 13:30;Strada Urbana;VIALE DUILIO CAMBELLOTTI;da specificare;;;;altezza stazione di torre angela;Veicolo in marcia contro ostacolo accidentale;Curva senza visuale libera;Una carreggiata a senso unico di marcia;Asciutto;Con buche;Verticale;Sereno;Normale;Sufficiente;Ore Diurne;0;0;0;2;;;-1;1;Autovettura privata;In marcia / fermata / arresto;Passeggero;M;Illeso;0;;Non accertato;Inesistente
1712691;8;13/02/2007 14:30;Strada Urbana;VIA WALTER TOBAGI;all'intersezione semaforizzata con;VIA DEI RUDERI DI CASA CALDA;VIA DEI RUDERI DI CASA CALDA;;;Scontro frontale/laterale SX fra veicoli in marcia;Incrocio;Una carreggiata a doppio senso;Asciutto;Asfaltata;Verticale ed orizzontale;Nuvoloso;Normale;Sufficiente;Ore Diurne;1;0;0;4;;;-1;1;Autovettura privata;In marcia / fermata / arresto;Conducente;F;Rimandato;0;NON DECEDUTO;Non accertato;Inesistente
1712691;8;13/02/2007 14:30;Strada Urbana;VIA WALTER TOBAGI;all'intersezione semaforizzata con;VIA DEI RUDERI DI CASA CALDA;VIA DEI RUDERI DI CASA CALDA;;;Scontro frontale/laterale SX fra veicoli in marcia;Incrocio;Una carreggiata a doppio senso;Asciutto;Asfaltata;Verticale ed orizzontale;Nuvoloso;Normale;Sufficiente;Ore Diurne;1;0;0;4;;;-1;2;Autovettura privata;In marcia / fermata / arresto;Conducente;M;Illeso;0;;Non accertato;Inesploso
1712691;8;13/02/2007 14:30;Strada Urbana;VIA WALTER TOBAGI;all'intersezione semaforizzata con;VIA DEI RUDERI DI CASA CALDA;VIA DEI RUDERI DI CASA CALDA;;;Scontro frontale/laterale SX fra veicoli in marcia;Incrocio;Una carreggiata a doppio senso;Asciutto;Asfaltata;Verticale ed orizzontale;Nuvoloso;Normale;Sufficiente;Ore Diurne;1;0;0;4;;;-1;2;Autovettura privata;In marcia / fermata / arresto;Passeggero;M;Illeso;0;;Non accertato;Inesistente
1712691;8;13/02/2007 14:30;Strada Urbana;VIA WALTER TOBAGI;all'intersezione semaforizzata con;VIA DEI RUDERI DI CASA CALDA;VIA DEI RUDERI DI CASA CALDA;;;Scontro frontale/laterale SX fra veicoli in marcia;Incrocio;Una carreggiata a doppio senso;Asciutto;Asfaltata;Verticale ed orizzontale;Nuvoloso;Normale;Sufficiente;Ore Diurne;1;0;0;4;;;-1;2;Autovettura privata;In marcia / fermata / arresto;Passeggero;F;Illeso;0;;Non accertato;Inesistente
1712691;8;13/02/2007 14:30;Strada Urbana;VIA WALTER TOBAGI;all'intersezione semaforizzata con;VIA DEI RUDERI DI CASA CALDA;VIA DEI RUDERI DI CASA CALDA;;;Scontro frontale/laterale SX fra veicoli in marcia;Incrocio;Una carreggiata a doppio senso;Asciutto;Asfaltata;Verticale ed orizzontale;Nuvoloso;Normale;Sufficiente;Ore Diurne;1;0;0;4;;;-1;2;Autovettura privata;In marcia / fermata / arresto;Passeggero;F;Illeso;0;;Non accertato;Inesistente
1712692;8;13/02/2007 15:00;Strada Urbana;VIALE DUILIO CAMBELLOTTI;in prossimità;;del civico n. ;133;;Veicolo in marcia contro ostacolo accidentale;Rettilineo;Una carreggiata a senso unico di marcia;Asciutto;Con buche;Verticale;Nuvoloso;Normale;Buona;Ore Diurne;0;0;0;1;;;-1;1;Autovettura privata;In marcia / fermata / arresto;Conducente;F;Illeso;0;;Non accertato;Inesploso
1712693;8;13/02/2007 16:30;Statale entro l'abitato;VIA CASILINA;all'intersezione semaforizzata con;VIA DI TOR TRE TESTE;VIA DI TOR TRE TESTE;;;Scontro laterale fra veicoli in marcia;Intersezione semaforizzata;Una carreggiata a doppio senso;Asciutto;Asfaltata;Verticale ed orizzontale;Nuvoloso;Normale;Sufficiente;Ore Diurne;1;0;0;1;;;-1;1;Autovettura privata;In marcia / fermata / arresto;Conducente;M;Illeso;0;;Non accertato;Inesploso
1712693;8;13/02/2007 16:30;Statale entro l'abitato;VIA CASILINA;all'intersezione semaforizzata con;VIA DI TOR TRE TESTE;VIA DI TOR TRE TESTE;;;Scontro laterale fra veicoli in marcia;Intersezione semaforizzata;Una carreggiata a doppio senso;Asciutto;Asfaltata;Verticale ed orizzontale;Nuvoloso;Normale;Sufficiente;Ore Diurne;1;0;0;1;;;-1;2;Motociclo a solo;In marcia / fermata / arresto;Conducente;M;Rimandato;0;NON DECEDUTO;Non accertato;Inesistente
1712694;8;13/02/2007 21:00;Strada Urbana;VIA DI GIARDINETTI;in prossimità;;del civico n. ;67;;Veicolo in marcia contro ostacolo accidentale;Rettilineo;Una carreggiata a senso unico di marcia;Asciutto;Asfaltata;Assente;Sereno;Scarso;Buona;Sufficiente;0;0;0;1;;;-1;1;Autovettura privata;In marcia / fermata / arresto;Conducente;M;Illeso;0;;Non utilizzato;Inesistente
1712695;8;13/02/2007 22:00;Strada Urbana;VIA VILLABATE;da specificare;;;;FRONTE VIA TRAPPETO;Veicolo in marcia contro ostacolo accidentale;Curva a visuale libera;Una carreggiata a doppio senso;Asciutto;Asfaltata;Verticale ed orizzontale;Nuvoloso;Scarso;Buona;Sufficiente;0;0;0;1;;;-1;1;Autovettura privata;In marcia / fermata / arresto;Conducente;M;Illeso;0;;Non accertato;Inesploso
1712696;8;13/02/2007 22:30;Strada Urbana;VIA CASTELVETRANO;in prossimità;;del civico n. ;72;;Veicolo in marcia contro ostacolo accidentale;Rettilineo;Una carreggiata a senso unico di marcia;Asciutto;Asfaltata;Orizzontale;Nuvoloso;Scarso;Buona;Sufficiente;1;0;0;1;;;-1;1;Motociclo con passeggero;In marcia / fermata / arresto;Conducente;M;Illeso;0;;Non utilizzato;Inesistente
1712696;8;13/02/2007 22:30;Strada Urbana;VIA CASTELVETRANO;in prossimità;;del civico n. ;72;;Veicolo in marcia contro ostacolo accidentale;Rettilineo;Una carreggiata a senso unico di marcia;Asciutto;Asfaltata;Orizzontale;Nuvoloso;Scarso;Buona;Sufficiente;1;0;0;1;;;-1;1;Motociclo con passeggero;In marcia / fermata / arresto;Passeggero;M;Rifiuta cure immediate;0;NON DECEDUTO;Non accertato;Inesistente
1712697;8;14/02/2007 03:30;Strada Urbana;VIA DELLA TENUTA DEL CAVALIERE;da specificare;;;;DIR. TIBURTINA CIRCA 1KM OLTRE P.TE;Veicolo in marcia contro ostacolo accidentale;Rettilineo;Una carreggiata a doppio senso;Bagnato (pioggia);Con buche;Assente;Nuvoloso;Scarso;Insufficiente;Inesistente;0;0;0;2;;;-1;1;Autovettura privata;In marcia / fermata / arresto;Conducente;M;Illeso;0;;Non accertato;Inesploso
1712697;8;14/02/2007 03:30;Strada Urbana;VIA DELLA TENUTA DEL CAVALIERE;da specificare;;;;DIR. TIBURTINA CIRCA 1KM OLTRE P.TE;Veicolo in marcia contro ostacolo accidentale;Rettilineo;Una carreggiata a doppio senso;Bagnato (pioggia);Con buche;Assente;Nuvoloso;Scarso;Insufficiente;Inesistente;0;0;0;2;;;-1;1;Autovettura privata;In marcia / fermata / arresto;Passeggero;M;Illeso;0;;Non accertato;Inesploso
1712698;9;13/02/2007 08:30;Strada Urbana;VIA FRASCATI;da specificare;;;;alt. VICOLO DELL'ACQUEDOTTO FELICE;Scontro laterale fra veicoli in marcia;Curva a visuale libera;Una carreggiata a senso unico di marcia;Asciutto;Asfaltata;Assente;Nuvoloso;Normale;Buona;Ore Diurne;0;0;0;2;;;-1;1;Autocarro inferiore 35 q.;In marcia / fermata / arresto;Conducente;M;Illeso;0;;Non accertato;Inesistente
1712698;9;13/02/2007 08:30;Strada Urbana;VIA FRASCATI;da specificare;;;;alt. VICOLO DELL'ACQUEDOTTO FELICE;Scontro laterale fra veicoli in marcia;Curva a visuale libera;Una carreggiata a senso unico di marcia;Asciutto;Asfaltata;Assente;Nuvoloso;Normale;Buona;Ore Diurne;0;0;0;2;;;-1;2;Autovettura privata;In marcia / fermata / arresto;Conducente;F;Illeso;0;;Non accertato;Inesploso
1712700;9;13/02/2007 17:15;Strada Urbana;VIA DEMETRIADE;in prossimità;;del civico n. ;79;;Scontro frontale fra veicoli in marcia;Rettilineo;Una carreggiata a doppio senso;Asciutto;Asfaltata;Orizzontale;Sereno;Scarso;Buona;Ore Diurne;0;0;0;3;;;-1;1;Autovettura privata;In marcia / fermata / arresto;Conducente;M;Illeso;0;;Non accertato;Inesploso
1712700;9;13/02/2007 17:15;Strada Urbana;VIA DEMETRIADE;in prossimità;;del civico n. ;79;;Scontro frontale fra veicoli in marcia;Rettilineo;Una carreggiata a doppio senso;Asciutto;Asfaltata;Orizzontale;Sereno;Scarso;Buona;Ore Diurne;0;0;0;3;;;-1;2;Autovettura privata;In marcia / fermata / arresto;Conducente;M;Illeso;0;;Non accertato;Inesistente
1712700;9;13/02/2007 17:15;Strada Urbana;VIA DEMETRIADE;in prossimità;;del civico n. ;79;;Scontro frontale fra veicoli in marcia;Rettilineo;Una carreggiata a doppio senso;Asciutto;Asfaltata;Orizzontale;Sereno;Scarso;Buona;Ore Diurne;0;0;0;3;;;-1;3;Autovettura privata;In marcia / fermata / arresto;Conducente;M;Illeso;0;;Non accertato;Inesploso
1712701;9;13/02/2007 22:15;Strada Urbana;VIA ORVIETO;all'intersezione con;VIA TERNI;VIA TERNI;;;Scontro frontale/laterale DX fra veicoli in marcia;Incrocio;Due carreggiate;Asciutto;Asfaltata;Verticale;Sereno;Scarso;Buona;Ore Diurne;0;0;0;4;;;-1;1;Autovettura privata;In marcia / fermata / arresto;Conducente;M;Illeso;0;;Non accertato;Inesistente
1712701;9;13/02/2007 22:15;Strada Urbana;VIA ORVIETO;all'intersezione con;VIA TERNI;VIA TERNI;;;Scontro frontale/laterale DX fra veicoli in marcia;Incrocio;Due carreggiate;Asciutto;Asfaltata;Verticale;Sereno;Scarso;Buona;Ore Diurne;0;0;0;4;;;-1;1;Autovettura privata;In marcia / fermata / arresto;Passeggero;M;Illeso;0;;Non accertato;Inesistente
1712701;9;13/02/2007 22:15;Strada Urbana;VIA ORVIETO;all'intersezione con;VIA TERNI;VIA TERNI;;;Scontro frontale/laterale DX fra veicoli in marcia;Incrocio;Due carreggiate;Asciutto;Asfaltata;Verticale;Sereno;Scarso;Buona;Ore Diurne;0;0;0;4;;;-1;2;Autovettura privata;In marcia / fermata / arresto;Conducente;M;Illeso;0;;Non accertato;Inesistente
1712701;9;13/02/2007 22:15;Strada Urbana;VIA ORVIETO;all'intersezione con;VIA TERNI;VIA TERNI;;;Scontro frontale/laterale DX fra veicoli in marcia;Incrocio;Due carreggiate;Asciutto;Asfaltata;Verticale;Sereno;Scarso;Buona;Ore Diurne;0;0;0;4;;;-1;2;Autovettura privata;In marcia / fermata / arresto;Passeggero;F;Illeso;0;;Non accertato;Inesistente
1712703;1;08/02/2007 22:10;Strada Urbana;VIA DI S. MARIA IN COSMEDIN;all'intersezione semaforizzata con;LUNGOTEVERE AVENTINO;LUNGOTEVERE AVENTINO;;;Tamponamento Multiplo;Intersezione semaforizzata;Una carreggiata a doppio senso;Asciutto;Acciotolata;Verticale ed orizzontale;Sereno;Scarso;Buona;Sufficiente;4;0;0;1;;;-1;1;Autovettura pubblica;In marcia / fermata / arresto;Conducente;M;Rifiuta cure immediate;0;NON DECEDUTO;Non accertato;Inesistente
1712703;1;08/02/2007 22:10;Strada Urbana;VIA DI S. MARIA IN COSMEDIN;all'intersezione semaforizzata con;LUNGOTEVERE AVENTINO;LUNGOTEVERE AVENTINO;;;Tamponamento Multiplo;Intersezione semaforizzata;Una carreggiata a doppio senso;Asciutto;Acciotolata;Verticale ed orizzontale;Sereno;Scarso;Buona;Sufficiente;4;0;0;1;;;-1;1;Autovettura pubblica;In marcia / fermata / arresto;Passeggero;M;Illeso;0;;Non accertato;Inesistente
1712703;1;08/02/2007 22:10;Strada Urbana;VIA DI S. MARIA IN COSMEDIN;all'intersezione semaforizzata con;LUNGOTEVERE AVENTINO;LUNGOTEVERE AVENTINO;;;Tamponamento Multiplo;Intersezione semaforizzata;Una carreggiata a doppio senso;Asciutto;Acciotolata;Verticale ed orizzontale;Sereno;Scarso;Buona;Sufficiente;4;0;0;1;;;-1;2;Autogru;In marcia / fermata / arresto;Conducente;M;Rimandato;0;NON DECEDUTO;Non accertato;Inesistente
1712703;1;08/02/2007 22:10;Strada Urbana;VIA DI S. MARIA IN COSMEDIN;all'intersezione semaforizzata con;LUNGOTEVERE AVENTINO;LUNGOTEVERE AVENTINO;;;Tamponamento Multiplo;Intersezione semaforizzata;Una carreggiata a doppio senso;Asciutto;Acciotolata;Verticale ed orizzontale;Sereno;Scarso;Buona;Sufficiente;4;0;0;1;;;-1;2;Autogru;In marcia / fermata / arresto;Passeggero;M;Rimandato;0;NON DECEDUTO;Non accertato;Inesistente
1712703;1;08/02/2007 22:10;Strada Urbana;VIA DI S. MARIA IN COSMEDIN;all'intersezione semaforizzata con;LUNGOTEVERE AVENTINO;LUNGOTEVERE AVENTINO;;;Tamponamento Multiplo;Intersezione semaforizzata;Una carreggiata a doppio senso;Asciutto;Acciotolata;Verticale ed orizzontale;Sereno;Scarso;Buona;Sufficiente;4;0;0;1;;;-1;3;Autobus urbano;In marcia / fermata / arresto;Conducente;M;Rimandato;0;NON DECEDUTO;Non accertato;Inesistente
1712704;1;09/02/2007 08:05;Strada Urbana;VIA TOMACELLI;all'intersezione con;PIAZZA DEL PORTO DI RIPETTA;PIAZZA DEL PORTO DI RIPETTA;;;Scontro frontale/laterale SX fra veicoli in marcia;Incrocio;Una carreggiata a doppio senso;Bagnato (pioggia);Asfaltata;Verticale ed orizzontale;Pioggia in atto;Normale;Buona;Ore Diurne;1;0;0;1;;;-1;1;Motociclo a solo;In marcia / fermata / arresto;Conducente;M;Rifiuta cure immediate;0;NON DECEDUTO;Non accertato;Inesistente
1712704;1;09/02/2007 08:05;Strada Urbana;VIA TOMACELLI;all'intersezione con;PIAZZA DEL PORTO DI RIPETTA;PIAZZA DEL PORTO DI RIPETTA;;;Scontro frontale/laterale SX fra veicoli in marcia;Incrocio;Una carreggiata a doppio senso;Bagnato (pioggia);Asfaltata;Verticale ed orizzontale;Pioggia in atto;Normale;Buona;Ore Diurne;1;0;0;1;;;-1;2;Autovettura privata;In marcia / fermata / arresto;Conducente;F;Illeso;0;;Non accertato;Inesistente
1712705;1;09/02/2007 09:10;Strada Urbana;VIALE MARCO POLO;in prossimità;;del civico n. ;90;;Tamponamento Multiplo;Rettilineo;Una carreggiata a doppio senso;Bagnato (pioggia);Asfaltata;Verticale ed orizzontale;Pioggia in atto;Normale;Buona;Ore Diurne;1;0;0;2;;;-1;1;Autovettura privata;In marcia / fermata / arresto;Conducente;F;Illeso;0;;Non accertato;Inesistente
1712705;1;09/02/2007 09:10;Strada Urbana;VIALE MARCO POLO;in prossimità;;del civico n. ;90;;Tamponamento Multiplo;Rettilineo;Una carreggiata a doppio senso;Bagnato (pioggia);Asfaltata;Verticale ed orizzontale;Pioggia in atto;Normale;Buona;Ore Diurne;1;0;0;2;;;-1;2;Autovettura privata;In marcia / fermata / arresto;Conducente;F;Rimandato;0;NON DECEDUTO;Non accertato;Inesistente
1712705;1;09/02/2007 09:10;Strada Urbana;VIALE MARCO POLO;in prossimità;;del civico n. ;90;;Tamponamento Multiplo;Rettilineo;Una carreggiata a doppio senso;Bagnato (pioggia);Asfaltata;Verticale ed orizzontale;Pioggia in atto;Normale;Buona;Ore Diurne;1;0;0;2;;;-1;3;Autocarro inferiore 35 q.;In marcia / fermata / arresto;Conducente;M;Illeso;0;;Utilizzato;Inesistente
1712707;1;09/02/2007 16:00;Strada Urbana;VIA CELIO VIBENNA;all'intersezione con;VIA DI S. GREGORIO;VIA DI S. GREGORIO;;;Scontro frontale/laterale DX fra veicoli in marcia;Incrocio;Una carreggiata a doppio senso;Bagnato (pioggia);Acciotolata;Verticale ed orizzontale;Nuvoloso;Intenso;Buona;Ore Diurne;2;0;0;0;;;-1;1;Autovettura privata;In marcia / fermata / arresto;Conducente;F;Rifiuta cure immediate;0;NON DECEDUTO;Non accertato;Inesploso
1712707;1;09/02/2007 16:00;Strada Urbana;VIA CELIO VIBENNA;all'intersezione con;VIA DI S. GREGORIO;VIA DI S. GREGORIO;;;Scontro frontale/laterale DX fra veicoli in marcia;Incrocio;Una carreggiata a doppio senso;Bagnato (pioggia);Acciotolata;Verticale ed orizzontale;Nuvoloso;Intenso;Buona;Ore Diurne;2;0;0;0;;;-1;2;Autovettura privata;In marcia / fermata / arresto;Conducente;M;Rifiuta cure immediate;0;NON DECEDUTO;Utilizzato;Inesploso
1712708;1;09/02/2007 18:45;Strada Urbana;VIA VENTI SETTEMBRE;all'intersezione semaforizzata con;VIA DELLE QUATTRO FONTANE;VIA DELLE QUATTRO FONTANE;;;Tamponamento;Intersezione semaforizzata;Una carreggiata a doppio senso;Bagnato (pioggia);Asfaltata;Verticale ed orizzontale;Nuvoloso;Normale;Buona;Sufficiente;1;0;0;2;;;-1;1;Autovettura privata;In marcia / fermata / arresto;Conducente;F;Illeso;0;;Non accertato;Inesploso
1712708;1;09/02/2007 18:45;Strada Urbana;VIA VENTI SETTEMBRE;all'intersezione semaforizzata con;VIA DELLE QUATTRO FONTANE;VIA DELLE QUATTRO FONTANE;;;Tamponamento;Intersezione semaforizzata;Una carreggiata a doppio senso;Bagnato (pioggia);Asfaltata;Verticale ed orizzontale;Nuvoloso;Normale;Buona;Sufficiente;1;0;0;2;;;-1;1;Autovettura privata;In marcia / fermata / arresto;Passeggero;F;Illeso;0;;Non accertato;Inesploso
1712708;1;09/02/2007 18:45;Strada Urbana;VIA VENTI SETTEMBRE;all'intersezione semaforizzata con;VIA DELLE QUATTRO FONTANE;VIA DELLE QUATTRO FONTANE;;;Tamponamento;Intersezione semaforizzata;Una carreggiata a doppio senso;Bagnato (pioggia);Asfaltata;Verticale ed orizzontale;Nuvoloso;Normale;Buona;Sufficiente;1;0;0;2;;;-1;2;Motociclo a solo;In marcia / fermata / arresto;Conducente;M;Rifiuta cure immediate;0;NON DECEDUTO;Non accertato;Inesistente
1712709;1;09/02/2007 21:15;Strada Urbana;LUNGOTEVERE RAFFAELLO SANZIO;in corrispondenza;;del civico n. ;1;;Investimento di pedone;Rettilineo;Una carreggiata a senso unico di marcia;Bagnato (pioggia);Asfaltata;Assente;Pioggia in atto;Scarso;Buona;Sufficiente;1;0;0;2;;;-1;;;;Pedone;M;Ricoverato;0;NON DECEDUTO;;
1712709;1;09/02/2007 21:15;Strada Urbana;LUNGOTEVERE RAFFAELLO SANZIO;in corrispondenza;;del civico n. ;1;;Investimento di pedone;Rettilineo;Una carreggiata a senso unico di marcia;Bagnato (pioggia);Asfaltata;Assente;Pioggia in atto;Scarso;Buona;Sufficiente;1;0;0;2;;;-1;1;Autovettura pubblica;In marcia / fermata / arresto;Conducente;M;Illeso;0;;Non accertato;Inesistente
1712709;1;09/02/2007 21:15;Strada Urbana;LUNGOTEVERE RAFFAELLO SANZIO;in corrispondenza;;del civico n. ;1;;Investimento di pedone;Rettilineo;Una carreggiata a senso unico di marcia;Bagnato (pioggia);Asfaltata;Assente;Pioggia in atto;Scarso;Buona;Sufficiente;1;0;0;2;;;-1;1;Autovettura pubblica;In marcia / fermata / arresto;Passeggero;M;Illeso;0;;Non accertato;Inesistente
1712710;1;09/02/2007 21:30;Strada Urbana;PONTE TESTACCIO;da specificare;;;;FRONTE VIA STRADIVARI;Ribaltamento senza urto contro ostacolo fisso;Rettilineo;Una carreggiata a doppio senso;Bagnato (pioggia);Con buche;Verticale ed orizzontale;Pioggia in atto;Normale;Buona;Sufficiente;0;0;0;1;;;-1;1;Autovettura privata;In marcia / fermata / arresto;Conducente;M;Illeso;0;;Non accertato;Inesploso
1712711;1;09/02/2007 21:40;Strada Urbana;PONTE TESTACCIO;da specificare;;;;FRONTE VIA STRADIVARI;Veicolo in marcia contro ostacolo accidentale;Rettilineo;Una carreggiata a doppio senso;Bagnato (pioggia);Con buche;Verticale ed orizzontale;Pioggia in atto;Normale;Buona;Sufficiente;0;0;0;1;;;-1;1;Autovettura privata;In marcia / fermata / arresto;Conducente;M;Illeso;0;;Utilizzato;Inesploso
1712713;1;09/02/2007 23:00;Strada Urbana;VIALE ENRICO DE NICOLA;in corrispondenza;;del civico n. ;21;;Investimento di pedone;Rettilineo;Più di due carreggiate;Bagnato (pioggia);Acciotolata;Verticale ed orizzontale;Pioggia in atto;Scarso;Sufficiente;Sufficiente;1;0;0;1;;;-1;;;;Pedone;M;Rimandato;0;NON DECEDUTO;;
1712713;1;09/02/2007 23:00;Strada Urbana;VIALE ENRICO DE NICOLA;in corrispondenza;;del civico n. ;21;;Investimento di pedone;Rettilineo;Più di due carreggiate;Bagnato (pioggia);Acciotolata;Verticale ed orizzontale;Pioggia in atto;Scarso;Sufficiente;Sufficiente;1;0;0;1;;;-1;1;Autovettura privata;In marcia / fermata / arresto;Conducente;M;Illeso;0;;Non accertato;Inesistente
1712714;1;10/02/2007 02:20;Strada Urbana;VIA GALILEI;all'intersezione con;VIA ARIOSTO;VIA ARIOSTO;;;Scontro frontale/laterale SX fra veicoli in marcia;Incrocio;Una carreggiata a senso unico di marcia;Bagnato (pioggia);Asfaltata;Verticale;Pioggia in atto;Scarso;Buona;Sufficiente;1;0;0;1;;;-1;2;Autovettura privata;In marcia / fermata / arresto;Conducente;F;Rimandato;0;NON DECEDUTO;Non accertato;Inesistente
1712714;1;10/02/2007 02:20;Strada Urbana;VIA GALILEI;all'intersezione con;VIA ARIOSTO;VIA ARIOSTO;;;Scontro frontale/laterale SX fra veicoli in marcia;Incrocio;Una carreggiata a senso unico di marcia;Bagnato (pioggia);Asfaltata;Verticale;Pioggia in atto;Scarso;Buona;Sufficiente;1;0;0;1;;;-1;2;Autovettura privata;In marcia / fermata / arresto;Passeggero;F;Illeso;0;;Non accertato;Inesistente
1712715;1;10/02/2007 02:20;Strada Urbana;VIA CAVOUR;in corrispondenza;;del civico n. ;313;;Investimento di pedone;Rettilineo;Una carreggiata a doppio senso;Bagnato (pioggia);Asfaltata;Verticale ed orizzontale;Pioggia in atto;Scarso;Sufficiente;Sufficiente;1;0;0;4;;;-1;;;;Pedone;F;Ricoverato;0;NON DECEDUTO;;
1712715;1;10/02/2007 02:20;Strada Urbana;VIA CAVOUR;in corrispondenza;;del civico n. ;313;;Investimento di pedone;Rettilineo;Una carreggiata a doppio senso;Bagnato (pioggia);Asfaltata;Verticale ed orizzontale;Pioggia in atto;Scarso;Sufficiente;Sufficiente;1;0;0;4;;;-1;1;Autovettura privata;In marcia / fermata / arresto;Conducente;M;Illeso;0;;Non accertato;Inesistente
1712715;1;10/02/2007 02:20;Strada Urbana;VIA CAVOUR;in corrispondenza;;del civico n. ;313;;Investimento di pedone;Rettilineo;Una carreggiata a doppio senso;Bagnato (pioggia);Asfaltata;Verticale ed orizzontale;Pioggia in atto;Scarso;Sufficiente;Sufficiente;1;0;0;4;;;-1;1;Autovettura privata;In marcia / fermata / arresto;Passeggero;F;Illeso;0;;Non accertato;Inesistente
1712715;1;10/02/2007 02:20;Strada Urbana;VIA CAVOUR;in corrispondenza;;del civico n. ;313;;Investimento di pedone;Rettilineo;Una carreggiata a doppio senso;Bagnato (pioggia);Asfaltata;Verticale ed orizzontale;Pioggia in atto;Scarso;Sufficiente;Sufficiente;1;0;0;4;;;-1;1;Autovettura privata;In marcia / fermata / arresto;Passeggero;M;Illeso;0;;Non accertato;Inesistente
1712715;1;10/02/2007 02:20;Strada Urbana;VIA CAVOUR;in corrispondenza;;del civico n. ;313;;Investimento di pedone;Rettilineo;Una carreggiata a doppio senso;Bagnato (pioggia);Asfaltata;Verticale ed orizzontale;Pioggia in atto;Scarso;Sufficiente;Sufficiente;1;0;0;4;;;-1;1;Autovettura privata;In marcia / fermata / arresto;Passeggero;F;Illeso;0;;Non accertato;Inesistente
1712717;1;10/02/2007 06:50;Strada Urbana;PIAZZA VENEZIA;all'intersezione con;VIA CESARE BATTISTI;VIA CESARE BATTISTI;;;Scontro laterale fra veicoli in marcia;Incrocio;Una carreggiata a senso unico di marcia;Bagnato (pioggia);In cubetti di porfido;Verticale ed orizzontale;Pioggia in atto;Scarso;Sufficiente;Sufficiente;1;0;0;1;;;-1;1;Ciclomotore;In marcia / fermata / arresto;Conducente;M;Rifiuta cure immediate;0;NON DECEDUTO;Non accertato;Inesistente
1712717;1;10/02/2007 06:50;Strada Urbana;PIAZZA VENEZIA;all'intersezione con;VIA CESARE BATTISTI;VIA CESARE BATTISTI;;;Scontro laterale fra veicoli in marcia;Incrocio;Una carreggiata a senso unico di marcia;Bagnato (pioggia);In cubetti di porfido;Verticale ed orizzontale;Pioggia in atto;Scarso;Sufficiente;Sufficiente;1;0;0;1;;;-1;2;Autovettura di polizia;In marcia / fermata / arresto;Conducente;M;Illeso;0;;Esente;Inesistente
1712720;1;10/02/2007 17:10;Strada Urbana;VIA CELIO VIBENNA;da specificare;;;;ALTEZZA VIA DI S.GREGORIO;Scontro laterale fra veicoli in marcia;Curva a visuale libera;Una carreggiata a doppio senso;Bagnato (pioggia);Acciotolata;Verticale ed orizzontale;Pioggia in atto;Normale;Buona;Ore Diurne;0;0;0;3;;;-1;1;Autovettura privata;In marcia / fermata / arresto;Conducente;M;Illeso;0;;Utilizzato;Inesploso
1712720;1;10/02/2007 17:10;Strada Urbana;VIA CELIO VIBENNA;da specificare;;;;ALTEZZA VIA DI S.GREGORIO;Scontro laterale fra veicoli in marcia;Curva a visuale libera;Una carreggiata a doppio senso;Bagnato (pioggia);Acciotolata;Verticale ed orizzontale;Pioggia in atto;Normale;Buona;Ore Diurne;0;0;0;3;;;-1;2;Autovettura privata;In marcia / fermata / arresto;Conducente;F;Illeso;0;;Utilizzato;Inesploso
1712720;1;10/02/2007 17:10;Strada Urbana;VIA CELIO VIBENNA;da specificare;;;;ALTEZZA VIA DI S.GREGORIO;Scontro laterale fra veicoli in marcia;Curva a visuale libera;Una carreggiata a doppio senso;Bagnato (pioggia);Acciotolata;Verticale ed orizzontale;Pioggia in atto;Normale;Buona;Ore Diurne;0;0;0;3;;;-1;3;Autovettura privata;In marcia / fermata / arresto;Conducente;M;Illeso;0;;Utilizzato;Inesploso
1712721;1;11/02/2007 00:15;Strada Urbana;VIA PALESTRO;all'intersezione con;VIA MARGHERA;VIA MARGHERA;;;Scontro frontale/laterale DX fra veicoli in marcia;Incrocio;Una carreggiata a senso unico di marcia;Bagnato (pioggia);Asfaltata;Verticale ed orizzontale;Nuvoloso;Normale;Sufficiente;Sufficiente;3;0;0;1;;;-1;1;Autovettura privata;In marcia / fermata / arresto;Conducente;M;Illeso;0;;Non accertato;Inesistente